"File","Status"
"100-hospitality-interview-questions.html","200"
"15-money-leaks-in-a-restaurant.html","200"
"about.html","200"
"ai-shaping-future-jobs-2026.html","200"
"area-manager-restaurant-visit-diagnostic-lenses.html","200"
"ats-friendly-hospitality-cv-guide.html","200"
"beers.html","200"
"blog.html","200"
"buffet-food-temperature-guide.html","200"
"building-a-career-in-hospitality-guide.html","200"
"certifications.html","200"
"chef-de-partie-complete-career-guide.html","200"
"cloud-kitchen-catering-operations-guide.html","200"
"cocktail-bar-service-guide.html","200"
"contact.html","200"
"cruise-ship-crew-rotations-guide.html","200"
"disclaimer.html","200"
"equal-opportunity-employer-india-usa-europe.html","200"
"executive-career-dashboard.html","200"
"executive-chef-duties-and-responsibilities.html","200"
"executive-chef-job-description-requirements.html","200"
"fb-cost-control-blueprint.html","200"
"fifo-vs-fefo-stock-rotation-guide.html","200"
"fire-safety-training-blog.html","308"
"foh-boh-equipment-guide.html","200"
"foh-boh-hierarchy-blog.html","200"
"food-and-beverage-service-hierarchy.html","200"
"food-cost-control-complete-guide.html","200"
"food-safety-temperatures-cold-chain-control-kitchen-storage-standards.html","200"
"general-manager-duties-and-responsibilities.html","200"
"general-manager-vs-hotel-manager.html","200"
"gm-leadership-playbook-interview-guide.html","200"
"haccp-kitchen-checklist.html","200"
"history-of-wine-world-wine-regions-guide.html","200"
"hospitality-franchising-complete-guide.html","200"
"hospitality-management-tools.html","200"
"hot-and-cold-kitchens-temperature-guide.html","200"
"hotel-gm-competency-framework.html","200"
"hotel-kpi-formula-cheat-sheet.html","200"
"hotel-sops-complete-guide.html","200"
"hotel-vs-resort-expenditure-guide.html","200"
"how-to-calculate-food-cost-per-portion.html","200"
"how-to-carry-a-service-tray.html","200"
"how-to-control-food-cost.html","200"
"index.html","200"
"key-hotel-kpis-every-hotelier-should-track.html","200"
"key-hotel-management-roles.html","200"
"kitchen-cleaning-schedule-template.html","200"
"kitchen-temperature-log-sheet.html","200"
"knife-color-codes.html","200"
"manager-on-duty-hotel-operations-complete-guide.html","200"
"many-hats-general-manager.html","200"
"nigel_apply_dashboard.html","200"
"nigel_job_dashboard.html","200"
"north-indian-cuisine-guide.html","200"
"not-all-cruise-lines-are-created-equal.html","200"
"partners.html","200"
"pl-management-guide.html","200"
"privacy-policy.html","200"
"quality-controllers-food-industry.html","200"
"register.html","200"
"resort-co-working-future-office.html","200"
"resort-manager-career-guide-2026.html","200"
"restaurant-cost-control-calculator.html","200"
"restaurant-fire-safety-training-guide.html","200"
"restaurant-general-operating-terms.html","200"
"restaurant-inventory-management-complete-guide.html","200"
"restaurant-leader-duties-responsibilities-guide.html","200"
"restaurant-service-excellence-guide.html","200"
"restaurant-supervisor-interview.html","200"
"restaurant-walkthrough-poster.html","200"
"resume.html","200"
"sales-marketing-hospitality-career-guide.html","200"
"service-get-the-job-done-hospitality-creates-the-memory.html","200"
"sous-chef-career-guide.html","200"
"staff-behavior-fb-service-guide.html","200"
"street-food-india-complete-guide.html","200"
"terms.html","200"
"the-five-minute-restaurant-interview-test.html","200"
"types-of-menus-fb-service.html","200"
"what-is-ebitda-fb-hospitality-guide.html","200"
"what-is-management-consulting.html","200"
"which-hotel-chain-is-biggest.html","200"
"why-your-hospitality-cv-keeps-getting-rejected.html","200"
