"File","PostersMoved","Status","Detail","Timestamp"
"C:\Users\admin\Desktop\nigelthomas-portfolio\10-biggest-hotels-in-the-world.html","0","ERROR","The -ireplace operator allows only two elements to follow it, not 3.","2026-08-31T22:19:44"
"C:\Users\admin\Desktop\nigelthomas-portfolio\100-hospitality-interview-questions.html","0","NoChangeNeeded","","2026-08-31T22:19:45"
"C:\Users\admin\Desktop\nigelthomas-portfolio\14-major-food-allergens.html","0","ERROR","The -ireplace operator allows only two elements to follow it, not 3.","2026-08-31T22:19:45"
"C:\Users\admin\Desktop\nigelthomas-portfolio\15-money-leaks-in-a-restaurant.html","0","NoChangeNeeded","","2026-08-31T22:19:45"
"C:\Users\admin\Desktop\nigelthomas-portfolio\6-pizza-recipes-hotel-restaurant-menu.html","0","NoChangeNeeded","","2026-08-31T22:19:45"
"C:\Users\admin\Desktop\nigelthomas-portfolio\7-types-of-coffee-and-how-theyre-made.html","0","NoChangeNeeded","","2026-08-31T22:19:45"
"C:\Users\admin\Desktop\nigelthomas-portfolio\about.html","0","ERROR","The -ireplace operator allows only two elements to follow it, not 3.","2026-08-31T22:19:45"
"C:\Users\admin\Desktop\nigelthomas-portfolio\accounting-dashboard.html","0","NoChangeNeeded","","2026-08-31T22:19:45"
"C:\Users\admin\Desktop\nigelthomas-portfolio\accounting-v3.html","0","NoChangeNeeded","","2026-08-31T22:19:45"
"C:\Users\admin\Desktop\nigelthomas-portfolio\ai-decision-matrix.html","0","NoChangeNeeded","","2026-08-31T22:19:45"
"C:\Users\admin\Desktop\nigelthomas-portfolio\ai-readiness-self-assessment-hospitality.html","0","NoChangeNeeded","","2026-08-31T22:19:45"
"C:\Users\admin\Desktop\nigelthomas-portfolio\ai-shaping-future-jobs-2026.html","0","NoChangeNeeded","","2026-08-31T22:19:45"
"C:\Users\admin\Desktop\nigelthomas-portfolio\ai-tool-integration-matrix-hospitality.html","0","NoChangeNeeded","","2026-08-31T22:19:45"
"C:\Users\admin\Desktop\nigelthomas-portfolio\area-manager-restaurant-visit-diagnostic-lenses.html","0","NoChangeNeeded","","2026-08-31T22:19:45"
"C:\Users\admin\Desktop\nigelthomas-portfolio\area-manager-vs-cluster-manager.html","0","NoChangeNeeded","","2026-08-31T22:19:45"
"C:\Users\admin\Desktop\nigelthomas-portfolio\ats-friendly-hospitality-cv-guide.html","0","NoChangeNeeded","","2026-08-31T22:19:45"
"C:\Users\admin\Desktop\nigelthomas-portfolio\beers.html","0","NoChangeNeeded","","2026-08-31T22:19:45"
"C:\Users\admin\Desktop\nigelthomas-portfolio\beverage.html","0","NoChangeNeeded","","2026-08-31T22:19:45"
"C:\Users\admin\Desktop\nigelthomas-portfolio\blog-card-snippet.html","0","NoChangeNeeded","","2026-08-31T22:19:45"
"C:\Users\admin\Desktop\nigelthomas-portfolio\blog.html","0","ERROR","The -ireplace operator allows only two elements to follow it, not 3.","2026-08-31T22:19:45"
"C:\Users\admin\Desktop\nigelthomas-portfolio\buffet-food-temperature-guide.html","0","NoChangeNeeded","","2026-08-31T22:19:45"
"C:\Users\admin\Desktop\nigelthomas-portfolio\building-a-career-in-hospitality-guide.html","0","NoChangeNeeded","","2026-08-31T22:19:45"
"C:\Users\admin\Desktop\nigelthomas-portfolio\career-general.html","0","NoChangeNeeded","","2026-08-31T22:19:45"
"C:\Users\admin\Desktop\nigelthomas-portfolio\certifications.html","0","NoChangeNeeded","","2026-08-31T22:19:45"
"C:\Users\admin\Desktop\nigelthomas-portfolio\chef-de-partie-complete-career-guide.html","0","NoChangeNeeded","","2026-08-31T22:19:45"
"C:\Users\admin\Desktop\nigelthomas-portfolio\classic-cocktails-guide.html","0","ERROR","The -ireplace operator allows only two elements to follow it, not 3.","2026-08-31T22:19:45"
"C:\Users\admin\Desktop\nigelthomas-portfolio\cloud-kitchen-catering-operations-guide.html","0","NoChangeNeeded","","2026-08-31T22:19:45"
"C:\Users\admin\Desktop\nigelthomas-portfolio\cocktail-bar-service-guide.html","0","NoChangeNeeded","","2026-08-31T22:19:45"
"C:\Users\admin\Desktop\nigelthomas-portfolio\coffee-shop-vocabulary.html","0","ERROR","The -ireplace operator allows only two elements to follow it, not 3.","2026-08-31T22:19:45"
"C:\Users\admin\Desktop\nigelthomas-portfolio\coffee-types-poster.html","0","ERROR","The -ireplace operator allows only two elements to follow it, not 3.","2026-08-31T22:19:46"
"C:\Users\admin\Desktop\nigelthomas-portfolio\colour-coding-knives-cutting-boards.html","0","NoChangeNeeded","","2026-08-31T22:19:46"
"C:\Users\admin\Desktop\nigelthomas-portfolio\complete-guide-to-hotel-and-restaurant-abbreviations-final.html","0","NoChangeNeeded","","2026-08-31T22:19:46"
"C:\Users\admin\Desktop\nigelthomas-portfolio\complete-guide-to-hotel-and-restaurant-abbreviations.html","0","NoChangeNeeded","","2026-08-31T22:19:46"
"C:\Users\admin\Desktop\nigelthomas-portfolio\condiments-vs-sauces-fb-guide.html","0","NoChangeNeeded","","2026-08-31T22:19:46"
"C:\Users\admin\Desktop\nigelthomas-portfolio\condiments-vs-sauces-poster.html","0","ERROR","The -ireplace operator allows only two elements to follow it, not 3.","2026-08-31T22:19:46"
"C:\Users\admin\Desktop\nigelthomas-portfolio\contact.html","0","NoChangeNeeded","","2026-08-31T22:19:46"
"C:\Users\admin\Desktop\nigelthomas-portfolio\cost-control-protect-profit.html","0","ERROR","The -ireplace operator allows only two elements to follow it, not 3.","2026-08-31T22:19:46"
"C:\Users\admin\Desktop\nigelthomas-portfolio\cruise-ship-crew-rotations-guide.html","0","NoChangeNeeded","","2026-08-31T22:19:46"
"C:\Users\admin\Desktop\nigelthomas-portfolio\direct-vs-ota-booking-guest-occasion.html","0","NoChangeNeeded","","2026-08-31T22:19:46"
"C:\Users\admin\Desktop\nigelthomas-portfolio\disclaimer.html","0","NoChangeNeeded","","2026-08-31T22:19:46"
"C:\Users\admin\Desktop\nigelthomas-portfolio\equal-opportunity-employer-india-usa-europe.html","0","NoChangeNeeded","","2026-08-31T22:19:46"
"C:\Users\admin\Desktop\nigelthomas-portfolio\executive-career-dashboard.html","0","NoChangeNeeded","","2026-08-31T22:19:46"
"C:\Users\admin\Desktop\nigelthomas-portfolio\executive-chef-duties-and-responsibilities.html","0","NoChangeNeeded","","2026-08-31T22:19:46"
"C:\Users\admin\Desktop\nigelthomas-portfolio\executive-chef-job-description-requirements.html","0","NoChangeNeeded","","2026-08-31T22:19:46"
"C:\Users\admin\Desktop\nigelthomas-portfolio\f&b-service-interview-q&a.html","0","NoChangeNeeded","","2026-08-31T22:19:46"
"C:\Users\admin\Desktop\nigelthomas-portfolio\fb-cost-control-blueprint.html","0","NoChangeNeeded","","2026-08-31T22:19:46"
"C:\Users\admin\Desktop\nigelthomas-portfolio\fifo-vs-fefo-poster.html","0","ERROR","The -ireplace operator allows only two elements to follow it, not 3.","2026-08-31T22:19:46"
"C:\Users\admin\Desktop\nigelthomas-portfolio\fifo-vs-fefo-stock-rotation-guide.html","0","ERROR","The -ireplace operator allows only two elements to follow it, not 3.","2026-08-31T22:19:46"
"C:\Users\admin\Desktop\nigelthomas-portfolio\financial-kpis-poster.html","0","ERROR","The -ireplace operator allows only two elements to follow it, not 3.","2026-08-31T22:19:46"
"C:\Users\admin\Desktop\nigelthomas-portfolio\foh-boh-equipment-guide.html","0","NoChangeNeeded","","2026-08-31T22:19:46"
"C:\Users\admin\Desktop\nigelthomas-portfolio\foh-boh-hierarchy-blog.html","0","NoChangeNeeded","","2026-08-31T22:19:46"
"C:\Users\admin\Desktop\nigelthomas-portfolio\food-and-beverage-question-and-answers.html","0","ERROR","The -ireplace operator allows only two elements to follow it, not 3.","2026-08-31T22:19:46"
"C:\Users\admin\Desktop\nigelthomas-portfolio\food-and-beverage-service-hierarchy.html","0","NoChangeNeeded","","2026-08-31T22:19:46"
"C:\Users\admin\Desktop\nigelthomas-portfolio\food-cost-basics.html","0","ERROR","The -ireplace operator allows only two elements to follow it, not 3.","2026-08-31T22:19:46"
"C:\Users\admin\Desktop\nigelthomas-portfolio\food-cost-control-complete-guide.html","0","ERROR","The -ireplace operator allows only two elements to follow it, not 3.","2026-08-31T22:19:46"
"C:\Users\admin\Desktop\nigelthomas-portfolio\food-handling-guide-poster.html","0","ERROR","The -ireplace operator allows only two elements to follow it, not 3.","2026-08-31T22:19:46"
"C:\Users\admin\Desktop\nigelthomas-portfolio\food-handling-procedure.html","0","ERROR","The -ireplace operator allows only two elements to follow it, not 3.","2026-08-31T22:19:46"
"C:\Users\admin\Desktop\nigelthomas-portfolio\food-safety-temperatures-cold-chain-control-kitchen-storage-standards.html","0","ERROR","The -ireplace operator allows only two elements to follow it, not 3.","2026-08-31T22:19:46"
"C:\Users\admin\Desktop\nigelthomas-portfolio\general-manager-duties-and-responsibilities.html","0","NoChangeNeeded","","2026-08-31T22:19:46"
"C:\Users\admin\Desktop\nigelthomas-portfolio\general-manager-vs-hotel-manager.html","0","NoChangeNeeded","","2026-08-31T22:19:46"
"C:\Users\admin\Desktop\nigelthomas-portfolio\gm-leadership-playbook-interview-guide.html","0","NoChangeNeeded","","2026-08-31T22:19:46"
"C:\Users\admin\Desktop\nigelthomas-portfolio\google0c2817338a31af1a.html","0","NoChangeNeeded","","2026-08-31T22:19:46"
"C:\Users\admin\Desktop\nigelthomas-portfolio\haccp-hazard-analysis-critical-control-points.html","0","NoChangeNeeded","","2026-08-31T22:19:46"
"C:\Users\admin\Desktop\nigelthomas-portfolio\haccp-kitchen-checklist.html","0","NoChangeNeeded","","2026-08-31T22:19:46"
"C:\Users\admin\Desktop\nigelthomas-portfolio\history-of-wine-world-wine-regions-guide.html","0","NoChangeNeeded","","2026-08-31T22:19:46"
"C:\Users\admin\Desktop\nigelthomas-portfolio\hospitality-franchising-complete-guide.html","0","NoChangeNeeded","","2026-08-31T22:19:46"
"C:\Users\admin\Desktop\nigelthomas-portfolio\hospitality-management-tools.html","0","NoChangeNeeded","","2026-08-31T22:19:46"
"C:\Users\admin\Desktop\nigelthomas-portfolio\host-full-form-hotel-industry.html","0","ERROR","The -ireplace operator allows only two elements to follow it, not 3.","2026-08-31T22:19:46"
"C:\Users\admin\Desktop\nigelthomas-portfolio\hot-and-cold-kitchens-temperature-guide.html","0","NoChangeNeeded","","2026-08-31T22:19:46"
"C:\Users\admin\Desktop\nigelthomas-portfolio\hotel-gm-competency-framework.html","0","NoChangeNeeded","","2026-08-31T22:19:46"
"C:\Users\admin\Desktop\nigelthomas-portfolio\hotel-kpi-formula-cheat-sheet.html","0","NoChangeNeeded","","2026-08-31T22:19:46"
"C:\Users\admin\Desktop\nigelthomas-portfolio\hotel-management-financial-model.html","0","ERROR","The -ireplace operator allows only two elements to follow it, not 3.","2026-08-31T22:19:46"
"C:\Users\admin\Desktop\nigelthomas-portfolio\hotel-management-playbook-month-end-reporting.html","0","ERROR","The -ireplace operator allows only two elements to follow it, not 3.","2026-08-31T22:19:47"
"C:\Users\admin\Desktop\nigelthomas-portfolio\hotel-p&l.html","0","NoChangeNeeded","","2026-08-31T22:19:47"
"C:\Users\admin\Desktop\nigelthomas-portfolio\hotel-sops-complete-guide.html","0","NoChangeNeeded","","2026-08-31T22:19:47"
"C:\Users\admin\Desktop\nigelthomas-portfolio\hotel-vs-resort-expenditure-guide.html","0","NoChangeNeeded","","2026-08-31T22:19:47"
"C:\Users\admin\Desktop\nigelthomas-portfolio\how-to-calculate-food-cost-per-portion.html","0","NoChangeNeeded","","2026-08-31T22:19:47"
"C:\Users\admin\Desktop\nigelthomas-portfolio\how-to-carry-a-service-tray.html","0","ERROR","The -ireplace operator allows only two elements to follow it, not 3.","2026-08-31T22:19:47"
"C:\Users\admin\Desktop\nigelthomas-portfolio\how-to-control-food-cost.html","0","NoChangeNeeded","","2026-08-31T22:19:47"
"C:\Users\admin\Desktop\nigelthomas-portfolio\image-usage.html","0","NoChangeNeeded","","2026-08-31T22:19:47"
"C:\Users\admin\Desktop\nigelthomas-portfolio\index.html","0","NoChangeNeeded","","2026-08-31T22:19:47"
"C:\Users\admin\Desktop\nigelthomas-portfolio\key-hotel-kpis-every-hotelier-should-track.html","0","NoChangeNeeded","","2026-08-31T22:19:47"
"C:\Users\admin\Desktop\nigelthomas-portfolio\key-hotel-management-roles.html","0","NoChangeNeeded","","2026-08-31T22:19:47"
"C:\Users\admin\Desktop\nigelthomas-portfolio\kitchen-cleaning-schedule-template.html","0","NoChangeNeeded","","2026-08-31T22:19:47"
"C:\Users\admin\Desktop\nigelthomas-portfolio\kitchen-food.html","0","NoChangeNeeded","","2026-08-31T22:19:47"
"C:\Users\admin\Desktop\nigelthomas-portfolio\kitchen-haccp-poster.html","0","ERROR","The -ireplace operator allows only two elements to follow it, not 3.","2026-08-31T22:19:47"
"C:\Users\admin\Desktop\nigelthomas-portfolio\kitchen-temperature-log-sheet.html","0","NoChangeNeeded","","2026-08-31T22:19:47"
"C:\Users\admin\Desktop\nigelthomas-portfolio\knife-color-codes.html","0","NoChangeNeeded","","2026-08-31T22:19:47"
"C:\Users\admin\Desktop\nigelthomas-portfolio\knives-and-forks-poster.html","0","ERROR","The -ireplace operator allows only two elements to follow it, not 3.","2026-08-31T22:19:47"
"C:\Users\admin\Desktop\nigelthomas-portfolio\license.html","0","NoChangeNeeded","","2026-08-31T22:19:47"
"C:\Users\admin\Desktop\nigelthomas-portfolio\management-operations.html","0","NoChangeNeeded","","2026-08-31T22:19:47"
"C:\Users\admin\Desktop\nigelthomas-portfolio\manager-on-duty-hotel-operations-complete-guide.html","0","NoChangeNeeded","","2026-08-31T22:19:47"
"C:\Users\admin\Desktop\nigelthomas-portfolio\many-hats-general-manager.html","0","NoChangeNeeded","","2026-08-31T22:19:47"
"C:\Users\admin\Desktop\nigelthomas-portfolio\medicinal-properties-of-teas.html","0","ERROR","The -ireplace operator allows only two elements to follow it, not 3.","2026-08-31T22:19:47"
"C:\Users\admin\Desktop\nigelthomas-portfolio\medicinal-value-of-spices.html","0","ERROR","The -ireplace operator allows only two elements to follow it, not 3.","2026-08-31T22:19:47"
"C:\Users\admin\Desktop\nigelthomas-portfolio\new-article-cards.html","0","NoChangeNeeded","","2026-08-31T22:19:47"
"C:\Users\admin\Desktop\nigelthomas-portfolio\nigel_apply_dashboard.html","0","NoChangeNeeded","","2026-08-31T22:19:47"
"C:\Users\admin\Desktop\nigelthomas-portfolio\nigel_job_dashboard.html","0","NoChangeNeeded","","2026-08-31T22:19:47"
"C:\Users\admin\Desktop\nigelthomas-portfolio\north-indian-cuisine-guide.html","0","NoChangeNeeded","","2026-08-31T22:19:48"
"C:\Users\admin\Desktop\nigelthomas-portfolio\not-all-cruise-lines-are-created-equal.html","0","NoChangeNeeded","","2026-08-31T22:19:48"
"C:\Users\admin\Desktop\nigelthomas-portfolio\operations-manager-vs-restaurant-manager.html","0","ERROR","The -ireplace operator allows only two elements to follow it, not 3.","2026-08-31T22:19:48"
"C:\Users\admin\Desktop\nigelthomas-portfolio\partners.html","0","NoChangeNeeded","","2026-08-31T22:19:48"
"C:\Users\admin\Desktop\nigelthomas-portfolio\pest-control-in-kitchen.html","0","NoChangeNeeded","","2026-08-31T22:19:48"
"C:\Users\admin\Desktop\nigelthomas-portfolio\pl-management-guide.html","0","NoChangeNeeded","","2026-08-31T22:19:48"
"C:\Users\admin\Desktop\nigelthomas-portfolio\poster.html","0","ERROR","The -ireplace operator allows only two elements to follow it, not 3.","2026-08-31T22:19:48"
"C:\Users\admin\Desktop\nigelthomas-portfolio\privacy-policy.html","0","NoChangeNeeded","","2026-08-31T22:19:48"
"C:\Users\admin\Desktop\nigelthomas-portfolio\profit-loss-10-day-cycle.html","0","ERROR","The -ireplace operator allows only two elements to follow it, not 3.","2026-08-31T22:19:48"
"C:\Users\admin\Desktop\nigelthomas-portfolio\profit-loss-control-cycle.html","0","ERROR","The -ireplace operator allows only two elements to follow it, not 3.","2026-08-31T22:19:48"
"C:\Users\admin\Desktop\nigelthomas-portfolio\quality-controllers-food-industry.html","0","NoChangeNeeded","","2026-08-31T22:19:48"
"C:\Users\admin\Desktop\nigelthomas-portfolio\register.html","0","NoChangeNeeded","","2026-08-31T22:19:49"
"C:\Users\admin\Desktop\nigelthomas-portfolio\resort-co-working-future-office.html","0","NoChangeNeeded","","2026-08-31T22:19:49"
"C:\Users\admin\Desktop\nigelthomas-portfolio\resort-manager-career-guide-2026.html","0","NoChangeNeeded","","2026-08-31T22:19:49"
"C:\Users\admin\Desktop\nigelthomas-portfolio\restaurant-cost-control-calculator.html","0","NoChangeNeeded","","2026-08-31T22:19:49"
"C:\Users\admin\Desktop\nigelthomas-portfolio\restaurant-financial-kpis.html","0","ERROR","The -ireplace operator allows only two elements to follow it, not 3.","2026-08-31T22:19:49"
"C:\Users\admin\Desktop\nigelthomas-portfolio\restaurant-fire-safety-training-guide.html","0","NoChangeNeeded","","2026-08-31T22:19:49"
"C:\Users\admin\Desktop\nigelthomas-portfolio\restaurant-general-manager-complete-guide.html","0","NoChangeNeeded","","2026-08-31T22:19:49"
"C:\Users\admin\Desktop\nigelthomas-portfolio\restaurant-general-manager-job-description-duties-responsibilities.html","0","NoChangeNeeded","","2026-08-31T22:19:49"
"C:\Users\admin\Desktop\nigelthomas-portfolio\restaurant-general-operating-terms.html","0","NoChangeNeeded","","2026-08-31T22:19:49"
"C:\Users\admin\Desktop\nigelthomas-portfolio\restaurant-hotel-pos-systems.html","0","NoChangeNeeded","","2026-08-31T22:19:49"
"C:\Users\admin\Desktop\nigelthomas-portfolio\restaurant-inventory-management-complete-guide.html","0","NoChangeNeeded","","2026-08-31T22:19:49"
"C:\Users\admin\Desktop\nigelthomas-portfolio\restaurant-kpis-every-manager-should-track.html","0","ERROR","The -ireplace operator allows only two elements to follow it, not 3.","2026-08-31T22:19:49"
"C:\Users\admin\Desktop\nigelthomas-portfolio\restaurant-leader-duties-responsibilities-guide.html","0","NoChangeNeeded","","2026-08-31T22:19:49"
"C:\Users\admin\Desktop\nigelthomas-portfolio\restaurant-manager-roles-and-responsibilities-breakdown.html","0","ERROR","The -ireplace operator allows only two elements to follow it, not 3.","2026-08-31T22:19:49"
"C:\Users\admin\Desktop\nigelthomas-portfolio\restaurant-manager-roles-and-responsibilities.html","0","ERROR","The -ireplace operator allows only two elements to follow it, not 3.","2026-08-31T22:19:49"
"C:\Users\admin\Desktop\nigelthomas-portfolio\restaurant-manager-roles-embedded.html","0","NoChangeNeeded","","2026-08-31T22:19:49"
"C:\Users\admin\Desktop\nigelthomas-portfolio\restaurant-operational-challenges-solutions.html","0","NoChangeNeeded","","2026-08-31T22:19:49"
"C:\Users\admin\Desktop\nigelthomas-portfolio\restaurant-service-excellence-guide.html","0","NoChangeNeeded","","2026-08-31T22:19:49"
"C:\Users\admin\Desktop\nigelthomas-portfolio\restaurant-sops-complete-operations-handbook.html","0","NoChangeNeeded","","2026-08-31T22:19:49"
"C:\Users\admin\Desktop\nigelthomas-portfolio\restaurant-supervisor-interview.html","0","NoChangeNeeded","","2026-08-31T22:19:49"
"C:\Users\admin\Desktop\nigelthomas-portfolio\restaurant-walkthrough-poster.html","0","ERROR","The -ireplace operator allows only two elements to follow it, not 3.","2026-08-31T22:19:49"
"C:\Users\admin\Desktop\nigelthomas-portfolio\resume.html","0","NoChangeNeeded","","2026-08-31T22:19:49"
"C:\Users\admin\Desktop\nigelthomas-portfolio\right-vs-left-service-restaurants.html","0","ERROR","The -ireplace operator allows only two elements to follow it, not 3.","2026-08-31T22:19:49"
"C:\Users\admin\Desktop\nigelthomas-portfolio\safe-food-storage-guide.html","0","NoChangeNeeded","","2026-08-31T22:19:49"
"C:\Users\admin\Desktop\nigelthomas-portfolio\sales-marketing-hospitality-career-guide.html","0","NoChangeNeeded","","2026-08-31T22:19:49"
"C:\Users\admin\Desktop\nigelthomas-portfolio\service-get-the-job-done-hospitality-creates-the-memory.html","0","NoChangeNeeded","","2026-08-31T22:19:49"
"C:\Users\admin\Desktop\nigelthomas-portfolio\shake-vs-smoothie.html","0","ERROR","The -ireplace operator allows only two elements to follow it, not 3.","2026-08-31T22:19:49"
"C:\Users\admin\Desktop\nigelthomas-portfolio\smart-menu-pricing-formula.html","0","NoChangeNeeded","","2026-08-31T22:19:49"
"C:\Users\admin\Desktop\nigelthomas-portfolio\sous-chef-career-guide.html","0","NoChangeNeeded","","2026-08-31T22:19:49"
"C:\Users\admin\Desktop\nigelthomas-portfolio\staff-behavior-fb-service-guide.html","0","NoChangeNeeded","","2026-08-31T22:19:49"
"C:\Users\admin\Desktop\nigelthomas-portfolio\store-keepers-worksheet.html","0","ERROR","The -ireplace operator allows only two elements to follow it, not 3.","2026-08-31T22:19:49"
"C:\Users\admin\Desktop\nigelthomas-portfolio\street-food-india-complete-guide.html","0","NoChangeNeeded","","2026-08-31T22:19:49"
"C:\Users\admin\Desktop\nigelthomas-portfolio\terms.html","0","NoChangeNeeded","","2026-08-31T22:19:49"
"C:\Users\admin\Desktop\nigelthomas-portfolio\the-five-minute-restaurant-interview-test.html","0","NoChangeNeeded","","2026-08-31T22:19:49"
"C:\Users\admin\Desktop\nigelthomas-portfolio\types-of-alcohol-complete-guide.html","0","NoChangeNeeded","","2026-08-31T22:19:49"
"C:\Users\admin\Desktop\nigelthomas-portfolio\types-of-cheese-used-in-hotels.html","0","ERROR","The -ireplace operator allows only two elements to follow it, not 3.","2026-08-31T22:19:49"
"C:\Users\admin\Desktop\nigelthomas-portfolio\types-of-food-and-beverage-service.html","0","ERROR","The -ireplace operator allows only two elements to follow it, not 3.","2026-08-31T22:19:49"
"C:\Users\admin\Desktop\nigelthomas-portfolio\types-of-menus-fb-service.html","0","NoChangeNeeded","","2026-08-31T22:19:49"
"C:\Users\admin\Desktop\nigelthomas-portfolio\types-of-pasta-sauces.html","0","NoChangeNeeded","","2026-08-31T22:19:49"
"C:\Users\admin\Desktop\nigelthomas-portfolio\types-of-water-used-in-restaurant.html","0","ERROR","The -ireplace operator allows only two elements to follow it, not 3.","2026-08-31T22:19:49"
"C:\Users\admin\Desktop\nigelthomas-portfolio\ultimate-kpi-playbook-fb-leaders.html","0","ERROR","The -ireplace operator allows only two elements to follow it, not 3.","2026-08-31T22:19:50"
"C:\Users\admin\Desktop\nigelthomas-portfolio\vodka-brands-and-cocktails-guide.html","0","ERROR","The -ireplace operator allows only two elements to follow it, not 3.","2026-08-31T22:19:50"
"C:\Users\admin\Desktop\nigelthomas-portfolio\waste-segregation-guide.html","0","ERROR","The -ireplace operator allows only two elements to follow it, not 3.","2026-08-31T22:19:50"
"C:\Users\admin\Desktop\nigelthomas-portfolio\what-is-a-kpi.html","0","ERROR","The -ireplace operator allows only two elements to follow it, not 3.","2026-08-31T22:19:50"
"C:\Users\admin\Desktop\nigelthomas-portfolio\what-is-ebitda-fb-hospitality-guide.html","0","NoChangeNeeded","","2026-08-31T22:19:50"
"C:\Users\admin\Desktop\nigelthomas-portfolio\what-is-management-consulting.html","0","NoChangeNeeded","","2026-08-31T22:19:50"
"C:\Users\admin\Desktop\nigelthomas-portfolio\which-hotel-chain-is-biggest.html","0","NoChangeNeeded","","2026-08-31T22:19:50"
"C:\Users\admin\Desktop\nigelthomas-portfolio\why-is-a-wine-bottle-750ml.html","0","ERROR","The -ireplace operator allows only two elements to follow it, not 3.","2026-08-31T22:19:50"
"C:\Users\admin\Desktop\nigelthomas-portfolio\why-your-hospitality-cv-keeps-getting-rejected.html","0","NoChangeNeeded","","2026-08-31T22:19:50"
"C:\Users\admin\Desktop\nigelthomas-portfolio\academy\about-academy.html","0","NoChangeNeeded","","2026-08-31T22:19:50"
"C:\Users\admin\Desktop\nigelthomas-portfolio\academy\academy-news.html","0","NoChangeNeeded","","2026-08-31T22:19:50"
"C:\Users\admin\Desktop\nigelthomas-portfolio\academy\cleaning-log-templates.html","0","NoChangeNeeded","","2026-08-31T22:19:50"
"C:\Users\admin\Desktop\nigelthomas-portfolio\academy\closing-kitchen-sop.html","0","NoChangeNeeded","","2026-08-31T22:19:50"
"C:\Users\admin\Desktop\nigelthomas-portfolio\academy\cold-room-management.html","0","NoChangeNeeded","","2026-08-31T22:19:50"
"C:\Users\admin\Desktop\nigelthomas-portfolio\academy\colour-coding-kitchen-systems.html","0","NoChangeNeeded","","2026-08-31T22:19:50"
"C:\Users\admin\Desktop\nigelthomas-portfolio\academy\commercial-kitchen-cleaning-chemicals.html","0","NoChangeNeeded","","2026-08-31T22:19:50"
"C:\Users\admin\Desktop\nigelthomas-portfolio\academy\commercial-kitchen-deep-cleaning.html","0","NoChangeNeeded","","2026-08-31T22:19:50"
"C:\Users\admin\Desktop\nigelthomas-portfolio\academy\commercial-kitchen-exhaust-cleaning.html","0","NoChangeNeeded","","2026-08-31T22:19:50"
"C:\Users\admin\Desktop\nigelthomas-portfolio\academy\commercial-kitchen-fire-safety.html","0","NoChangeNeeded","","2026-08-31T22:19:50"
"C:\Users\admin\Desktop\nigelthomas-portfolio\academy\commercial-kitchen-forms.html","0","NoChangeNeeded","","2026-08-31T22:19:50"
"C:\Users\admin\Desktop\nigelthomas-portfolio\academy\commercial-kitchen-sops.html","0","NoChangeNeeded","","2026-08-31T22:19:50"
"C:\Users\admin\Desktop\nigelthomas-portfolio\academy\contact.html","0","NoChangeNeeded","","2026-08-31T22:19:50"
"C:\Users\admin\Desktop\nigelthomas-portfolio\academy\cooking-oil-management.html","0","NoChangeNeeded","","2026-08-31T22:19:50"
"C:\Users\admin\Desktop\nigelthomas-portfolio\academy\cross-contamination-guide.html","0","NoChangeNeeded","","2026-08-31T22:19:50"
"C:\Users\admin\Desktop\nigelthomas-portfolio\academy\daily-weekly-monthly-cleaning-checklists.html","0","NoChangeNeeded","","2026-08-31T22:19:50"
"C:\Users\admin\Desktop\nigelthomas-portfolio\academy\deep-fat-fryer-cleaning.html","0","NoChangeNeeded","","2026-08-31T22:19:50"
"C:\Users\admin\Desktop\nigelthomas-portfolio\academy\downloads.html","0","NoChangeNeeded","","2026-08-31T22:19:50"
"C:\Users\admin\Desktop\nigelthomas-portfolio\academy\equipment-cleaning-sops.html","0","NoChangeNeeded","","2026-08-31T22:19:50"
"C:\Users\admin\Desktop\nigelthomas-portfolio\academy\food-safety-temperature-control.html","0","NoChangeNeeded","","2026-08-31T22:19:50"
"C:\Users\admin\Desktop\nigelthomas-portfolio\academy\food-storage-guidelines.html","0","NoChangeNeeded","","2026-08-31T22:19:50"
"C:\Users\admin\Desktop\nigelthomas-portfolio\academy\fostac-training-guide.html","0","NoChangeNeeded","","2026-08-31T22:19:50"
"C:\Users\admin\Desktop\nigelthomas-portfolio\academy\freezer-management.html","0","NoChangeNeeded","","2026-08-31T22:19:50"
"C:\Users\admin\Desktop\nigelthomas-portfolio\academy\fryer-oil-filtration-guide.html","0","NoChangeNeeded","","2026-08-31T22:19:50"
"C:\Users\admin\Desktop\nigelthomas-portfolio\academy\fssai-kitchen-inspection-guide.html","0","NoChangeNeeded","","2026-08-31T22:19:50"
"C:\Users\admin\Desktop\nigelthomas-portfolio\academy\fssai-schedule-iv-explained.html","0","NoChangeNeeded","","2026-08-31T22:19:50"
"C:\Users\admin\Desktop\nigelthomas-portfolio\academy\glossary.html","0","NoChangeNeeded","","2026-08-31T22:19:50"
"C:\Users\admin\Desktop\nigelthomas-portfolio\academy\grease-management-guide.html","0","NoChangeNeeded","","2026-08-31T22:19:50"
"C:\Users\admin\Desktop\nigelthomas-portfolio\academy\hood-filter-cleaning.html","0","NoChangeNeeded","","2026-08-31T22:19:50"
"C:\Users\admin\Desktop\nigelthomas-portfolio\academy\index.html","0","NoChangeNeeded","","2026-08-31T22:19:50"
"C:\Users\admin\Desktop\nigelthomas-portfolio\academy\inspection-report-templates.html","0","NoChangeNeeded","","2026-08-31T22:19:50"
"C:\Users\admin\Desktop\nigelthomas-portfolio\academy\integrated-pest-management.html","0","NoChangeNeeded","","2026-08-31T22:19:50"
"C:\Users\admin\Desktop\nigelthomas-portfolio\academy\kitchen-audit-checklist.html","0","NoChangeNeeded","","2026-08-31T22:19:50"
"C:\Users\admin\Desktop\nigelthomas-portfolio\academy\kitchen-cleaning-complete-guide.html","0","NoChangeNeeded","","2026-08-31T22:19:50"
"C:\Users\admin\Desktop\nigelthomas-portfolio\academy\kitchen-cleaning-equipment-guide.html","0","NoChangeNeeded","","2026-08-31T22:19:50"
"C:\Users\admin\Desktop\nigelthomas-portfolio\academy\kitchen-fire-suppression-systems.html","0","NoChangeNeeded","","2026-08-31T22:19:50"
"C:\Users\admin\Desktop\nigelthomas-portfolio\academy\kitchen-kpis.html","0","NoChangeNeeded","","2026-08-31T22:19:50"
"C:\Users\admin\Desktop\nigelthomas-portfolio\academy\lpg-safety-commercial-kitchens.html","0","NoChangeNeeded","","2026-08-31T22:19:50"
"C:\Users\admin\Desktop\nigelthomas-portfolio\academy\maintenance-log-templates.html","0","NoChangeNeeded","","2026-08-31T22:19:50"
"C:\Users\admin\Desktop\nigelthomas-portfolio\academy\opening-kitchen-sop.html","0","NoChangeNeeded","","2026-08-31T22:19:50"
"C:\Users\admin\Desktop\nigelthomas-portfolio\academy\personal-hygiene-food-handlers.html","0","NoChangeNeeded","","2026-08-31T22:19:50"
"C:\Users\admin\Desktop\nigelthomas-portfolio\academy\pest-control-documentation.html","0","NoChangeNeeded","","2026-08-31T22:19:50"
"C:\Users\admin\Desktop\nigelthomas-portfolio\academy\preventive-maintenance.html","0","NoChangeNeeded","","2026-08-31T22:19:50"
"C:\Users\admin\Desktop\nigelthomas-portfolio\academy\receiving-food-safely.html","0","NoChangeNeeded","","2026-08-31T22:19:50"
"C:\Users\admin\Desktop\nigelthomas-portfolio\academy\restaurant-pest-control-guide.html","0","NoChangeNeeded","","2026-08-31T22:19:50"
"C:\Users\admin\Desktop\nigelthomas-portfolio\academy\sop-library.html","0","NoChangeNeeded","","2026-08-31T22:19:50"
"C:\Users\admin\Desktop\nigelthomas-portfolio\academy\sustainability-commercial-kitchens.html","0","NoChangeNeeded","","2026-08-31T22:19:50"
"C:\Users\admin\Desktop\nigelthomas-portfolio\academy\temperature-log-templates.html","0","NoChangeNeeded","","2026-08-31T22:19:50"
"C:\Users\admin\Desktop\nigelthomas-portfolio\academy\waste-management.html","0","NoChangeNeeded","","2026-08-31T22:19:50"
"C:\Users\admin\Desktop\nigelthomas-portfolio\academy\wet-chemical-fire-extinguishers.html","0","NoChangeNeeded","","2026-08-31T22:19:50"
"C:\Users\admin\Desktop\nigelthomas-portfolio\accounting\index-backup.html","0","NoChangeNeeded","","2026-08-31T22:19:50"
"C:\Users\admin\Desktop\nigelthomas-portfolio\accounting\index-before-repair.html","0","NoChangeNeeded","","2026-08-31T22:19:50"
"C:\Users\admin\Desktop\nigelthomas-portfolio\accounting\index.html","0","NoChangeNeeded","","2026-08-31T22:19:50"
"C:\Users\admin\Desktop\nigelthomas-portfolio\archive\about_working.html","0","NoChangeNeeded","","2026-08-31T22:19:50"
"C:\Users\admin\Desktop\nigelthomas-portfolio\blog\fine-dining-silverware.html","0","ERROR","The -ireplace operator allows only two elements to follow it, not 3.","2026-08-31T22:19:50"
"C:\Users\admin\Desktop\nigelthomas-portfolio\blog\shake-vs-smoothie.html","0","ERROR","The -ireplace operator allows only two elements to follow it, not 3.","2026-08-31T22:19:51"
"C:\Users\admin\Desktop\nigelthomas-portfolio\blog\stuffed-filled-foods-around-the-world.html","0","ERROR","The -ireplace operator allows only two elements to follow it, not 3.","2026-08-31T22:19:51"
"C:\Users\admin\Desktop\nigelthomas-portfolio\blog\types-of-alcohol-guide.html","0","NoChangeNeeded","","2026-08-31T22:19:51"
"C:\Users\admin\Desktop\nigelthomas-portfolio\career\ai-shaping-future-jobs-2026.html","0","NoChangeNeeded","","2026-08-31T22:19:51"
"C:\Users\admin\Desktop\nigelthomas-portfolio\culinary\chefs-tools-knives-cutting-boards.html","0","NoChangeNeeded","","2026-08-31T22:19:51"
"C:\Users\admin\Desktop\nigelthomas-portfolio\culinary\menu-planning-engineering.html","0","NoChangeNeeded","","2026-08-31T22:19:51"
"C:\Users\admin\Desktop\nigelthomas-portfolio\culinary\mother-sauces-complete-guide.html","0","NoChangeNeeded","","2026-08-31T22:19:51"
"C:\Users\admin\Desktop\nigelthomas-portfolio\food-safety\color-coding-kitchen-housekeeping.html","0","NoChangeNeeded","","2026-08-31T22:19:51"
"C:\Users\admin\Desktop\nigelthomas-portfolio\food-safety\food-allergies-restaurant-awareness.html","0","NoChangeNeeded","","2026-08-31T22:19:51"
"C:\Users\admin\Desktop\nigelthomas-portfolio\food-safety\food-temperatures-article.html","0","NoChangeNeeded","","2026-08-31T22:19:51"
"C:\Users\admin\Desktop\nigelthomas-portfolio\food-safety\restaurant-sop-haccp-fire-safety-compliance-india.html","0","NoChangeNeeded","","2026-08-31T22:19:51"
"C:\Users\admin\Desktop\nigelthomas-portfolio\hospitality-management\foh-boh-hierarchy-blog.html","0","NoChangeNeeded","","2026-08-31T22:19:51"
"C:\Users\admin\Desktop\nigelthomas-portfolio\hospitality-management\homestay-vs-hotels.html","0","NoChangeNeeded","","2026-08-31T22:19:51"
"C:\Users\admin\Desktop\nigelthomas-portfolio\hospitality-management\House_Manager_Estate_Manager_Hospitality_Manager_Guide.html","0","NoChangeNeeded","","2026-08-31T22:19:51"
"C:\Users\admin\Desktop\nigelthomas-portfolio\hospitality-management\qsr-vs-fine-dining.html","0","NoChangeNeeded","","2026-08-31T22:19:51"
"C:\Users\admin\Desktop\nigelthomas-portfolio\operations-business\cloud-kitchen-catering-operations-guide.html","0","NoChangeNeeded","","2026-08-31T22:19:51"
"C:\Users\admin\Desktop\nigelthomas-portfolio\regional-food\chinese-culinary-styles-blog.html","0","NoChangeNeeded","","2026-08-31T22:19:51"
"C:\Users\admin\Desktop\nigelthomas-portfolio\regional-food\indian-spices-herbs-health-benefits.html","0","NoChangeNeeded","","2026-08-31T22:19:51"
"C:\Users\admin\Desktop\nigelthomas-portfolio\regional-food\south-indian-food-styles-udupi-chettinad-nati.html","0","NoChangeNeeded","","2026-08-31T22:19:51"
